"","state_ut","Year","state_wise_working_capital.y","state_wise_fixed_capital.y","state_wise_number_of_factories.y","state_wise_number_of_mandays_employees.x","state_wise_number_of_employees.x","state_wise_gross_capital_formation.x","state_wise_gross_fixed_capital_formation.x","state_wise_net_fixed_capital_formation.x","state_wise_gross_value_added.x","state_wise_net_value_added.x","state_wise_value_of_gross_output.x","state_wise_total_inputs.x","state_wise_total_emoluments.x","state_wise_total_persons_engaged.y","state_wise_number_of_workers.y","state_wise_invested_capital.y","state_wise_productive_capital.y","state_wise_physical_working_capital.y","state_wise_death_rate.x","state_wise_average_daily_wage_rates_in_rural_india.x","state_wise_average_daily_wage_rates_in_rural_india.x.x","state_wise_average_daily_wage_rates_in_rural_india.y.y","state_wise_average_inflation_cpi_housing_urban","state_wise_average_inflation_cpi_fuel_and_light","state_wise_average_inflation_cpi_food_and_beverages","state_wise_death_rate.y","state_wise_birth_rate.x","state_wise_average_inflation_cpi_general","state_wise_wool_production.x","state_wise_wool_production.y","state_wise_fish_production.x","state_wise_fish_production.y","state_wise_egg_production.x","state_wise_egg_production.y","state_wise_milk_production.x","state_wise_milk_production.y","state_wise_meat_production.x","state_wise_meat_production.y","state_wise_per_hectare_consumption_of_fertiliser_n_p_k_.","state_wise_per_hectare_consumption_of_fertiliser_n_p_k","state_wise_birth_rate.y","state_wise_estimates_of_yield_sugarcane.x","state_wise_estimates_of_yield_sugarcane.y","state_wise_estimates_of_yield_cotton_lintt","state_wise_estimates_of_yield_oilseeds.x","state_wise_estimates_of_yield_oilseeds.y","state_wise_estimates_of_yield_total_foodgrains.x","state_wise_estimates_of_yield_total_foodgrains.y","state_wise_estimates_of_yield_pulses.x","state_wise_estimates_of_yield_pulses.y","state_wise_estimates_of_yield_coarse_cereals.x","state_wise_estimates_of_yield_coarse_cereals.y","state_wise_estimates_of_yield_wheat.x","state_wise_estimates_of_yield_wheat.y","state_wise_estimates_of_yield_rice.x","state_wise_estimates_of_yield_rice.y","state_wise_area_of_non_foodgrains_sugarcane.x","state_wise_area_of_non_foodgrains_sugarcane.y","state_wise_density_of_population","state_wise_area_of_non_foodgrains_cotton_lintt","state_wise_area_of_non_foodgrains_oilseeds.x","state_wise_area_of_non_foodgrains_oilseeds.y","state_wise_production_of_vegetables_total_vegetables.x","state_wise_production_of_vegetables_total_vegetables.y","state_wise_production_of_fruits_total_fruits.x","state_wise_production_of_fruits_total_fruits.y","state_wise_area_of_vegetables_total_vegetables.x","state_wise_area_of_vegetables_total_vegetables.y","state_wise_area_of_fruits_total_fruits.x","state_wise_area_of_fruits_total_fruits.y","state_wise_area_of_foodgrains_total_foodgrains.x","state_wise_area_of_foodgrains_total_foodgrains.y","state_wise_area_of_foodgrains_pulses.x","state_wise_area_of_foodgrains_pulses.y","state_wise_area_of_foodgrains_coarse_cereals.x","state_wise_area_of_foodgrains_coarse_cereals.y","state_wise_area_of_foodgrains_wheat.x","state_wise_area_of_foodgrains_wheat.y","state_wise_literacy_rate","state_wise_area_of_foodgrains_rice.x","state_wise_area_of_foodgrains_rice.y","state_wise_production_of_non_foodgrains_sugarcane","state_wise_production_of_non_foodgrains_sugarcane_.","state_wise_production_of_non_foodgrains_cotton_lintt","state_wise_production_of_non_foodgrains_oilseeds.x","state_wise_production_of_non_foodgrains_oilseeds.y","state_wise_production_of_foodgrains_total_foodgrains.x","state_wise_production_of_foodgrains_total_foodgrains.y","state_wise_production_of_foodgrains_pulses.x","state_wise_production_of_foodgrains_pulses.y","state_wise_production_of_foodgrains_coarse_cereals.x","state_wise_production_of_foodgrains_coarse_cereals.y","state_wise_production_of_foodgrains_wheat.x","state_wise_production_of_foodgrains_wheat.y","state_wise_production_of_foodgrains_rice.x","state_wise_production_of_foodgrains_rice.y","state_wise_sex_ratio","state_wise_pattern_of_land_use_cropping_intensity.x","state_wise_pattern_of_land_use_cropping_intensity.y","state_wise_pattern_of_land_use_net_irrigated_area_.","state_wise_pattern_of_land_use_net_irrigated_area","state_wise_pattern_of_land_use_gross_irrigated_area_.","state_wise_pattern_of_land_use_gross_irrigated_area","state_wise_pattern_of_land_use_net_sown_area_.","state_wise_pattern_of_land_use_net_sown_area","state_wise_pattern_of_land_use_gross_sown_area_.","state_wise_pattern_of_land_use_gross_sown_area","net_state_value_added_by_economic_activity_services.x","net_state_value_added_by_economic_activity_services.y","net_state_value_added_by_economic_activity_services.x.x","net_state_value_added_by_economic_activity_services.y.y","net_state_value_added_by_economic_activity_services.x.x.x","net_state_value_added_by_economic_activity_services.y.y.y","gross_state_value_added_by_economic_activity_services.x","gross_state_value_added_by_economic_activity_services.y","gross_state_value_added_by_economic_activity_services.x.x","gross_state_value_added_by_economic_activity_services.y.y","gross_state_value_added_by_economic_activity_services.x.x.x","gross_state_value_added_by_economic_activity_services.y.y.y","net_state_value_added_by_economic_activity_banking_and_insurance.x","net_state_value_added_by_economic_activity_banking_and_insurance.y","net_state_value_added_by_economic_activity_banking_and_insurance.x.x","state_wise_decadal_growth_rate_of_population","net_state_value_added_by_economic_activity_banking_and_insurance.y.y","net_state_value_added_by_economic_activity_banking_and_insurance.x.x.x","net_state_value_added_by_economic_activity_banking_and_insurance.y.y.y","gross_state_value_added_by_economic_activity_banking_and_insurance.x","gross_state_value_added_by_economic_activity_banking_and_insurance.y","gross_state_value_added_by_economic_activity_banking_and_insurance.x.x","gross_state_value_added_by_economic_activity_banking_and_insurance.y.y","gross_state_value_added_by_economic_activity_banking_and_insurance.x.x.x","gross_state_value_added_by_economic_activity_banking_and_insurance.y.y.y","net_state_value_added_by_economic_activity_industry.x","net_state_value_added_by_economic_activity_industry.y","net_state_value_added_by_economic_activity_industry.x.x","net_state_value_added_by_economic_activity_industry.y.y","net_state_value_added_by_economic_activity_industry.x.x.x","net_state_value_added_by_economic_activity_industry.y.y.y","gross_state_value_added_by_economic_activity_industry.x","gross_state_value_added_by_economic_activity_industry.y","gross_state_value_added_by_economic_activity_industry.x.x","gross_state_value_added_by_economic_activity_industry.y.y","gross_state_value_added_by_economic_activity_industry.x.x.x","gross_state_value_added_by_economic_activity_industry.y.y.y","net_state_value_added_by_economic_activity_construction.x","net_state_value_added_by_economic_activity_construction.y","net_state_value_added_by_economic_activity_construction.x.x","net_state_value_added_by_economic_activity_construction.y.y","net_state_value_added_by_economic_activity_construction.x.x.x","net_state_value_added_by_economic_activity_construction.y.y.y","gross_state_value_added_by_economic_activity_construction.x","gross_state_value_added_by_economic_activity_construction.y","gross_state_value_added_by_economic_activity_construction.x.x","state_wise_population_in_urban_area","gross_state_value_added_by_economic_activity_construction.y.y","gross_state_value_added_by_economic_activity_construction.x.x.x","gross_state_value_added_by_economic_activity_construction.y.y.y","net_state_value_added_by_economic_activity_manufacturing.x","net_state_value_added_by_economic_activity_manufacturing.y","net_state_value_added_by_economic_activity_manufacturing.x.x","net_state_value_added_by_economic_activity_manufacturing.y.y","net_state_value_added_by_economic_activity_manufacturing.x.x.x","net_state_value_added_by_economic_activity_manufacturing.y.y.y","gross_state_value_added_by_economic_activity_manufacturing.x","gross_state_value_added_by_economic_activity_manufacturing.y","gross_state_value_added_by_economic_activity_manufacturing.x.x","gross_state_value_added_by_economic_activity_manufacturing.y.y","gross_state_value_added_by_economic_activity_manufacturing.x.x.x","gross_state_value_added_by_economic_activity_manufacturing.y.y.y","net_state_value_added_by_economic_activity_agriculture.x","net_state_value_added_by_economic_activity_agriculture.y","net_state_value_added_by_economic_activity_agriculture.x.x","net_state_value_added_by_economic_activity_agriculture.y.y","net_state_value_added_by_economic_activity_agriculture.x.x.x","net_state_value_added_by_economic_activity_agriculture.y.y.y","gross_state_value_added_by_economic_activity_agriculture.x","gross_state_value_added_by_economic_activity_agriculture.y","gross_state_value_added_by_economic_activity_agriculture.x.x","gross_state_value_added_by_economic_activity_agriculture.y.y","gross_state_value_added_by_economic_activity_agriculture.x.x.x","gross_state_value_added_by_economic_activity_agriculture.y.y.y","net_state_domestic_product.x","net_state_domestic_product.y","net_state_domestic_product.x.x","state_wise_population_in_rural_area","net_state_domestic_product.y.y","net_state_domestic_product.x.x.x","net_state_domestic_product.y.y.y","gross_state_domestic_product.x","gross_state_domestic_product.y","gross_state_domestic_product.x.x","gross_state_domestic_product.y.y","gross_state_domestic_product.x.x.x","gross_state_domestic_product.y.y.y","per_capita_net_state_domestic_product.x","per_capita_net_state_domestic_product.y","per_capita_net_state_domestic_product.x.x","state_wise_social_sector_expenditure.x","state_wise_social_sector_expenditure.y","state_wise_capital_outlay.x","state_wise_capital_outlay.y","state_wise_capital_expenditure.x","state_wise_capital_expenditure.y","per_capita_net_state_domestic_product.y.y","per_capita_net_state_domestic_product.x.x.x","per_capita_net_state_domestic_product.y.y.y","state_wise_deposits_of_regional_rural_banks.x","state_wise_deposits_of_regional_rural_banks.y","state_wise_personal_loans_by_scheduled_commercial_banks.x","state_wise_personal_loans_by_scheduled_commercial_banks.y","state_wise_credit_to_industry_by_scheduled_commercial_banks","state_wise_credit_to_industry_by_scheduled_commercial_banks_.","state_wise_credit_to_agriculture_by_scheduled_commercial_banks.x","state_wise_credit_to_agriculture_by_scheduled_commercial_banks.y","state_wise_credit_by_scheduled_commercial_banks_in_india.x","state_wise_credit_by_scheduled_commercial_banks_in_india.y","state_wise_deposits_by_scheduled_commercial_banks_in_india.x","state_wise_deposits_by_scheduled_commercial_banks_in_india.y","state_wise_credit_deposit_ratio_of_scheduled_commercial_banks_according_to_place_of_utilisation.x","state_wise_credit_deposit_ratio_of_scheduled_commercial_banks_according_to_place_of_utilisation.y","state_wise_credit_deposit_ratio_of_scheduled_commercial_banks_according_to_place_of_sanction.x","state_wise_credit_deposit_ratio_of_scheduled_commercial_banks_according_to_place_of_sanction.y","state_wise_distribution_of_offices_of_scheduled_commercial_banks.x","state_wise_distribution_of_offices_of_scheduled_commercial_banks.y","state_wise_unemployment_rate_usual_status_adjusted.x","state_wise_unemployment_rate_usual_status_adjusted_contd_..x","state_wise_unemployment_rate_usual_status_adjusted_..x","state_wise_telephones_per_population.x","state_wise_telephones_per_population.y","state_wise_electricity_transmission_distribution_losses.x","state_wise_electricity_transmission_distribution_losses.y","state_wise_length_of_state_highways.x","state_wise_length_of_state_highways.y","state_wise_length_of_roads.x","state_wise_length_of_roads.y","state_wise_railway_route.x","state_wise_railway_route.y","state_wise_length_of_national_highways.x","state_wise_length_of_national_highways.y","state_wise_power_requirement.x","state_wise_power_requirement.y","state_wise_installed_capacity_of_power.x","state_wise_installed_capacity_of_power.y","state_wise_availability_of_power.x","state_wise_availability_of_power.y","state_wise_unemployment_rate_usual_status_adjusted.y","state_wise_unemployment_rate_usual_status_adjusted_contd_..y","state_wise_unemployment_rate_usual_status_adjusted_..y","state_wise_infant_mortality_rate.x","state_wise_infant_mortality_rate.y","state_wise_total_population"
"1","Uttar Pradesh",2005,"1204511","3152999","9582","174504",NA,"776545","513637","174295","1769118","1429776","10913874","9144756","415176","587702","453007","5160776","4357510","2007776",NA,NA,NA,NA,NA,NA,NA,8.8,NA,NA,1965,NA,NA,277070,NA,9018,NA,16512,NA,190,NA,134.1,30.8,60733,NA,177,861,NA,1961,NA,847,NA,1577,NA,2502,NA,1790,NA,1954.7,NA,NA,4.9,1105.6,NA,15792.8,NA,2312.8,NA,840.9,NA,274.9,NA,19293.8,NA,2803.7,NA,2151,NA,8999.8,NA,NA,5339.3,NA,118715.6,NA,5.1,952.3,NA,37836.3,NA,2375,NA,3391.8,NA,22513.9,NA,NA,9555.6,NA,NA,153,NA,13119,NA,18939,NA,16683,NA,25524,NA,NA,10934619,NA,NA,10934619,NA,NA,12260981,NA,NA,12260981,NA,NA,938977,NA,NA,NA,938977,NA,NA,955737,NA,NA,955737,NA,NA,4993512,4993512,NA,NA,6066009,NA,NA,6066009,NA,NA,1825000,NA,NA,1825000,NA,NA,NA,NA,1914862,NA,NA,NA,1914862,NA,NA,2738719,NA,NA,2738719,NA,NA,3518745,NA,NA,3518745,NA,NA,6455157,NA,NA,6455157,NA,NA,7016710,NA,NA,7016710,NA,NA,23102904,NA,NA,NA,23102904,NA,NA,26084066,NA,NA,26084066,NA,NA,12950,NA,16932,NA,5653,14514,NA,NA,NA,12950,12900,NA,11400,NA,12200,NA,10300,NA,NA,39600,NA,119700,NA,38,NA,33.1,NA,8367,35,25,33,2.96,NA,34.4,NA,NA,NA,NA,NA,8566,NA,NA,NA,5202,NA,8182,NA,4157,NA,7,3,6,NA,72,NA
"2","Uttar Pradesh",2006,"1392160","3763086","10503","190766",NA,"1067799","913831","575079","1981344","1642591","11886143","9904799","485517","648449","500540","5941232","5155246","2178145",NA,NA,NA,NA,NA,NA,NA,8.7,NA,NA,1459,NA,NA,28958,NA,9228,NA,17356,NA,198,NA,140.4,30.4,58201,NA,201,993,NA,2057,NA,811,NA,1383,NA,2627,NA,1996,NA,2155.8,NA,NA,4.4,1073.5,NA,17235.7,NA,3737.2,NA,895.5,NA,281.8,NA,19640.9,NA,2750.7,NA,2148.1,NA,9163.9,NA,NA,5578.2,NA,125469.9,NA,5.2,1066.5,NA,40410.2,NA,2231.5,NA,2971.2,NA,24073.8,NA,NA,11133.7,NA,NA,152.2,NA,13075,NA,18970,NA,16633,NA,25307,NA,NA,11665873,NA,NA,12176283,NA,NA,13135777,NA,NA,13696071,NA,NA,1081096,NA,NA,NA,1002239,NA,NA,1098648,NA,NA,1020436,NA,NA,5460143,5792168,NA,NA,6707478,NA,NA,7086443,NA,NA,2159886,NA,NA,2298899,NA,NA,NA,NA,2268362,NA,NA,NA,2411020,NA,NA,2845971,NA,NA,2942918,NA,NA,3706366,NA,NA,3834666,NA,NA,6590234,NA,NA,7044382,NA,NA,7181347,NA,NA,7660367,NA,NA,24451374,NA,NA,NA,25864259,NA,NA,27781788,NA,NA,29317167,NA,NA,13445,NA,20141,NA,8711,13222,NA,NA,NA,14221,14200,NA,15600,NA,14900,NA,13900,NA,NA,51300,NA,135400,NA,42.2,NA,37.9,NA,8475,NA,NA,NA,4.06,NA,32.6,NA,8888,NA,256683,NA,8546,NA,5599,NA,5568,NA,8597,NA,4403,NA,NA,NA,NA,NA,73,NA
"3","Uttar Pradesh",2007,"2040332","4499515","10688","204780",NA,"1281357","981016","580834","2682949","2282767","16587655","13904706","588973","695199","533794","7048591","6539847","2549076",NA,NA,NA,NA,NA,NA,NA,8.6,NA,NA,1461,NA,NA,306730,NA,9483,NA,18094,NA,200,NA,142,30.1,59626,NA,238,837,NA,2057,NA,725,NA,1404,NA,2721,NA,1879,NA,2246.5,NA,NA,5,1234.2,NA,18190.4,NA,3439.9,NA,897.6,NA,308.5,NA,20039.6,NA,2724.3,NA,2197.1,NA,9197.6,NA,NA,5920.6,NA,133949.4,NA,7,1033.3,NA,41214.5,NA,1975.1,NA,3084.4,NA,25031,NA,NA,11124,NA,NA,153.3,NA,13313,NA,19218,NA,16573,NA,25415,NA,NA,12690412,NA,NA,14127493,NA,NA,14280805,NA,NA,15866700,NA,NA,1326719,NA,NA,NA,1202043,NA,NA,1346489,NA,NA,1223278,NA,NA,6225666,7066358,NA,NA,7611156,NA,NA,8559463,NA,NA,2271166,NA,NA,2680105,NA,NA,NA,NA,2394439,NA,NA,NA,2811622,NA,NA,3468978,NA,NA,3836725,NA,NA,4442728,NA,NA,4882888,NA,NA,6720858,NA,NA,7533996,NA,NA,7351197,NA,NA,8232034,NA,NA,26393540,NA,NA,NA,29676697,NA,NA,30022535,NA,NA,33631679,NA,NA,14241,NA,24032,NA,13984,19284,NA,NA,NA,16013,16100,NA,19900,NA,17000,NA,18200,NA,NA,62600,NA,152600,NA,46.3,NA,41,NA,8562,NA,NA,NA,6.87,NA,33.5,NA,8551,NA,263555,NA,8546,NA,5874,NA,5744,NA,9175,NA,4837,NA,NA,NA,NA,NA,71,NA
"4","Uttar Pradesh",2008,"2242006","5845002","10717","221585",NA,"1966090","1303665","806604","3071352","2574292","19381502","16310149","684339","751165","589695","9195910","8087008","3350908",NA,NA,NA,NA,NA,NA,NA,8.5,NA,NA,1481,NA,NA,325950,NA,9814,NA,18861,NA,631,NA,150.7,29.5,57212,NA,269,856,NA,2206,NA,731,NA,1454,NA,2817,NA,2063,NA,2179,NA,NA,4.3,1340.1,NA,19790.3,NA,3932.6,NA,960.8,NA,315.8,NA,19084,NA,2156,NA,2104,NA,9115,NA,NA,5709,NA,124665.3,NA,6.8,1146.8,NA,42094.8,NA,1576.9,NA,3058.9,NA,25679,NA,NA,11780,NA,NA,154.2,NA,13085,NA,19142,NA,16417,NA,25320,NA,NA,13788889,NA,NA,16093008,NA,NA,15539643,NA,NA,18121479,NA,NA,1487575,NA,NA,NA,1335387,NA,NA,1508044,NA,NA,1358054,NA,NA,6596566,8005974,NA,NA,8265431,NA,NA,9861884,NA,NA,2434720,NA,NA,3081121,NA,NA,NA,NA,2581772,NA,NA,NA,3242566,NA,NA,3681681,NA,NA,4297489,NA,NA,4857125,NA,NA,5598851,NA,NA,6922105,NA,NA,8453337,NA,NA,7614063,NA,NA,9262309,NA,NA,28085051,NA,NA,NA,33580957,NA,NA,32221349,NA,NA,38302552,NA,NA,14875,NA,30006,NA,16950,22081,NA,NA,NA,17785,18200,NA,23600,NA,23400,NA,23400,NA,NA,82000,NA,181800,NA,50.4,NA,45.1,NA,8803,NA,NA,NA,10.77,NA,28.6,NA,8449,NA,272362,NA,8575,NA,5874,NA,6263,NA,9278,NA,5134,NA,NA,NA,NA,NA,69,NA
"5","Uttar Pradesh",2009,"4013077","6267696","10935","218447","158577","1133434","1092533","556914","2949508","2413888","20046266","17096758","797971","738644","574874","9423178","10280773","3155482",NA,NA,NA,NA,NA,NA,NA,8.4,NA,NA,1503,NA,NA,349274,NA,10140,NA,19537,NA,767,NA,161.8,29.1,52326,NA,38,865,NA,2365,NA,899,NA,1550,NA,3002,NA,2171,NA,2084,NA,NA,3.6,1346.2,NA,18950.1,NA,4439.6,NA,987.8,NA,346.3,NA,19757.5,NA,2223.3,NA,1987.2,NA,9513,NA,NA,6034,NA,109048,NA,0.8,1164.5,NA,46729.3,NA,1998.1,NA,3080.2,NA,28554,NA,NA,13097,NA,NA,153.8,NA,13435,NA,19612,NA,16562,NA,25471,NA,NA,15432258,NA,NA,18734900,NA,NA,17357280,NA,NA,21137232,NA,NA,1725283,NA,NA,NA,1616591,NA,NA,1747651,NA,NA,1642633,NA,NA,6821075,8626960,NA,NA,8378962,NA,NA,10445300,NA,NA,2875106,NA,NA,3943234,NA,NA,NA,NA,3052848,NA,NA,NA,4148692,NA,NA,3334539,NA,NA,4162859,NA,NA,4478113,NA,NA,5492587,NA,NA,7169508,NA,NA,10849752,NA,NA,7915167,NA,NA,11789780,NA,NA,30219193,NA,NA,NA,39277139,NA,NA,34472559,NA,NA,44468486,NA,NA,15713,NA,39507,NA,22346,28429,NA,NA,NA,20422,21300,NA,31300,NA,27700,NA,28700,NA,NA,93800,NA,214800,NA,52.6,NA,43.7,NA,9342,NA,NA,NA,16.19,NA,30.9,NA,8391,NA,284673,NA,8554,NA,5874,NA,6921,NA,9247,NA,5431,NA,NA,NA,NA,NA,67,NA
"6","Uttar Pradesh",2010,"4245786","6869662","11015","224444","166030","1544002","854788","238956","3641740","3097665","22568130","18854633","877763","762599","590788","10820496","11115448","3950833",NA,NA,NA,NA,NA,NA,NA,8.2,NA,NA,1523,NA,NA,392926,NA,10596,NA,20203,NA,800,NA,171,28.7,59251,NA,170,753,NA,2236,NA,748,NA,1541,NA,2846,NA,2084,NA,1977,NA,NA,5,1084,NA,22435.7,NA,5380.1,NA,1020.1,NA,356.7,NA,19322,NA,2540.7,NA,1926.6,NA,9668,NA,NA,5186.7,NA,117140,NA,5,816,NA,43195.3,NA,1901.4,NA,2968.8,NA,27518,NA,NA,10807.1,NA,NA,153.4,NA,13383,NA,19354,NA,16589,NA,25440,NA,16821930,NA,NA,22492400,NA,NA,19048600,NA,NA,25391930,NA,NA,2031710,NA,NA,NA,1897356,NA,NA,2056774,NA,NA,1927635,NA,NA,7408657,NA,NA,10279468,NA,NA,8991324,NA,NA,12199793,NA,NA,2862826,NA,NA,4457131,NA,NA,3067822,NA,NA,NA,4704014,NA,NA,4048573,NA,NA,5196264,NA,NA,5165847,NA,NA,6538726,NA,NA,7043912,NA,NA,12392034,NA,NA,7850286,NA,NA,13517556,NA,NA,32098884,NA,NA,NA,46358346,NA,NA,36741677,NA,NA,52339418,NA,NA,16390,NA,NA,47250,NA,25091,31742,NA,NA,23671,NA,25400,NA,27400,NA,33200,NA,34500,NA,NA,111100,NA,263100,NA,46.5,NA,42.2,NA,9844,29,34,29,24.91,NA,33.2,NA,8739,NA,329185,NA,8703,NA,6774,NA,7593,NA,9984,NA,5951,NA,12,5,10,NA,63,NA
"7","Uttar Pradesh",2011,"4699589","7485582","13756","242376","179302","2042676","1216996","522502","5132623","4438129","29221560","24088937","1121446","808666","626446","12346903","12185171","4861321",NA,NA,NA,NA,NA,NA,NA,8.1,NA,NA,1543,NA,NA,417479,NA,10991,NA,21031,NA,845,NA,174.3,28.3,56727,NA,NA,832,NA,2386,NA,832,NA,1561,NA,3113,NA,2120,NA,2125,NA,NA,NA,1105,NA,17679.4,NA,5368.4,NA,829.4,NA,324.8,NA,19804,NA,2449,NA,2061,NA,9637,NA,NA,5657,NA,120545,NA,NA,919.4,NA,47247.5,NA,2037,NA,3217.6,NA,30001,NA,NA,11992,NA,NA,154.4,NA,13440,NA,19626,NA,16593,NA,25615,NA,18534426,NA,NA,26282013,NA,NA,20913082,NA,NA,29575821,NA,NA,2349867,NA,NA,NA,2364932,NA,NA,2377414,NA,NA,2399625,NA,NA,7967570,NA,NA,11691811,NA,NA,9606320,NA,NA,13761509,NA,NA,2984329,NA,NA,4950765,NA,NA,3201964,NA,NA,NA,5223325,NA,NA,4438921,NA,NA,6080604,NA,NA,5595168,NA,NA,7523203,NA,NA,7311199,NA,NA,13799675,NA,NA,8234413,NA,NA,15203248,NA,NA,34662085,NA,NA,NA,53221791,NA,NA,39630943,NA,NA,60028572,NA,NA,17388,NA,NA,50674,NA,20273,26910,NA,NA,26698,NA,30600,NA,28000,NA,43400,NA,40900,NA,NA,135100,NA,312300,NA,47.4,NA,43.3,NA,10475,NA,NA,NA,38.54,NA,34,NA,NA,7957,376278,NA,8726,NA,6774,NA,7629,NA,10458,NA,6485,NA,NA,NA,NA,NA,61,NA
"8","Uttar Pradesh",2012,"2859637","9064742","14090","258170","189893","2545483","1812262","1067206","4459496","3714441","33265470","28805974","1273681","864346","670748","14711869","11924379","5647127",7.9,NA,NA,NA,NA,NA,NA,NA,27.8,NA,NA,1420,429718,NA,16075,NA,22556,NA,956,NA,165,NA,NA,NA,59583,NA,NA,828,NA,2498,NA,993,NA,1753,NA,3113,NA,2358,NA,2162,829,NA,NA,1129,NA,18563.8,NA,5795.1,NA,852.1,NA,337,NA,20133,NA,2421,NA,2034,NA,9731,67.68,NA,5947,NA,128819,NA,NA,935,NA,50283.6,NA,2403,NA,3566,NA,30292.6,14022,NA,912,156,NA,13809,NA,19901,NA,16623,NA,25939,NA,27165414,19962149,NA,27165414,30187708,NA,31032616,22578126,NA,31032616,34017745,NA,2478434,2599953,NA,NA,2478434,2719066,NA,2518198,2628563,NA,2518198,2756547,NA,16201993,7934136,NA,NA,12524729,16201993,NA,9640976,18831646,NA,14769685,18831646,NA,3145387,8090539,NA,5424244,8090539,8487701,3377853,NA,44495,8487701,5727443,NA,6919442,4298735,NA,6919442,6375323,NA,8763582,5541086,NA,8763582,7989038,NA,11143150,7780509,NA,11143150,16495542,NA,12415418,8726191,NA,12415418,18025758,NA,64513155,36537453,NA,155317,64513155,60892552,NA,72405044,41840413,NA,72405044,68549644,NA,32002,18014,NA,NA,59716,NA,21574,29827,NA,32002,30021,NA,35400,NA,34100,NA,54100,NA,43600,NA,NA,163300,NA,371500,NA,48.2,NA,44,NA,11040,42,37,41,52.97,NA,NA,32.4,NA,7941,NA,390256,NA,8763,6774,NA,NA,8134,NA,13054,NA,7212,10,7,9,57,NA,199812
"9","Uttar Pradesh",2013,"4873689","10271141","14440","244674","185637","3261084","2393767","1584436","4920582","4111251","36132854","31212272","1363228","825537","635759","16587389","15144830","6316248",7.7,NA,NA,NA,NA,NA,NA,NA,27.4,NA,NA,1456,449750,NA,17074,NA,23330,NA,1137,NA,180.1,NA,NA,NA,59868,NA,NA,898,NA,2542,NA,985,NA,1850,NA,3113,NA,2460,NA,2212,NA,NA,NA,1147,NA,19571.6,NA,5176.1,NA,912.7,NA,326.2,NA,19960,NA,2367,NA,1998,NA,9734,NA,NA,5861,NA,132427.7,NA,NA,1030.5,NA,50745.4,NA,2332,NA,3695.5,NA,30301.9,14416,NA,NA,155.9,NA,13929,NA,20191,NA,16564,NA,25821,NA,28828503,21423562,NA,31096451,34537934,NA,33141214,24342841,NA,35652242,39067711,NA,2731371,2776020,NA,NA,2762189,2961776,NA,2775193,2806170,NA,2812002,3002794,NA,16667659,8045433,NA,NA,13496692,17983335,NA,9847172,19330910,NA,16025209,20760728,NA,3206068,8133292,NA,6116825,8858939,8573758,3443019,NA,NA,9320623,6508586,NA,7392673,4268198,NA,7714453,6724789,NA,9127051,5620101,NA,9522404,8545868,NA,11675934,8097174,NA,13480767,19150618,NA,13040500,9147772,NA,14951864,20988346,NA,67355219,38445814,NA,NA,73299533,69077463,NA,75820497,44258972,NA,82239292,78039860,NA,32908,18635,NA,67436,NA,23834,NA,NA,32997,35812,33482,NA,NA,39200,NA,37300,NA,64800,NA,53300,189700,NA,431000,NA,47.4,NA,44,NA,12096,NA,NA,NA,NA,NA,60.93,NA,26.9,NA,7876,NA,403102,NA,8800,NA,7818,NA,9165,NA,14294,NA,7645,NA,NA,NA,53,NA,NA
"10","Uttar Pradesh",2014,"2867348","10243627","14463","272117","205271","1781548","1402191","506746","6082509","5187064","41126757","35044248","1737049","912206","701782","16944630","13110975","6701002",7.7,NA,NA,NA,NA,NA,NA,NA,27.2,NA,NA,1473,464484,NA,18122,NA,24194,NA,1221,NA,138.4,NA,NA,NA,60453,NA,NA,810,NA,2484,NA,736,NA,1887,NA,3038,NA,2447,NA,2228,NA,NA,NA,1106,NA,18545,NA,6887.5,NA,859.4,NA,379,NA,20142,NA,2305,NA,2016,NA,9839,NA,NA,5982,NA,134688.6,NA,NA,895.8,NA,50027.5,NA,1697.4,NA,3803.2,NA,29890.9,14636,NA,NA,156.5,NA,14027,NA,20403,NA,16546,NA,25896,NA,30683107,23072447,NA,35248152,39303672,NA,35484525,26223753,NA,40729658,44357278,NA,2979637,3080552,NA,NA,3087348,3438550,NA,3027442,3114009,NA,3139689,3486171,NA,17858068,8195789,NA,NA,14512920,20760953,NA,10039526,20876854,NA,17660454,24023347,NA,3251858,8097091,NA,6886096,9503217,8671279,3492193,NA,NA,10113422,7327126,NA,8552794,4318099,NA,9412844,7035725,NA,10381954,5685650,NA,11377466,8942911,NA,11244514,8188134,NA,14497145,20294386,NA,12747030,9250534,NA,16250096,22241872,NA,70746910,40350882,NA,NA,83382508,76054158,NA,80206969,46451036,NA,94035643,86274591,NA,34044,19233,NA,76555,NA,32863,NA,NA,42573,40124,36250,NA,NA,44300,NA,46300,NA,85100,NA,64500,225200,NA,511100,NA,53,NA,44.1,NA,13092,NA,NA,NA,NA,NA,56.83,NA,29.1,NA,7703,NA,435969,NA,8832,NA,7818,NA,9489,NA,14375,NA,8161,NA,NA,NA,50,NA,NA
"11","Uttar Pradesh",2015,"2452947","10896835","14867","263569","204352","1785627","1469569","538692","5305600","4374723","42309844","37004244","1794653","883331","673431","17527318","13349782","6630483",7.4,206.6,191.9,216.1,6.4,4.6,6.6,NA,27,5.9,NA,1494,494270,NA,20776,NA,25198,NA,1397,NA,150.5,NA,NA,NA,62155,NA,NA,698,NA,1972,NA,612,NA,1776,NA,2277,NA,2072,NA,2140.8,NA,NA,NA,1127,NA,26120.2,NA,7559,NA,1163.6,NA,372.3,NA,20078,NA,2350,NA,2010,NA,9846,NA,NA,5872,NA,133061.4,NA,NA,787.2,NA,39594,NA,1438.7,NA,3570,NA,22417.4,12167.9,NA,NA,157.5,NA,14389,NA,20965,NA,16598,NA,26147,NA,33275879,24956950,NA,39372330,44678552,NA,38741979,28389928,NA,45614833,50485218,NA,3308676,3459459,NA,NA,3455974,3999033,NA,3366247,3497032,NA,3520922,4054416,NA,17420143,8355787,NA,NA,15544337,21157568,NA,10233067,20666043,NA,18902971,24761480,NA,3346162,8618317,NA,7503854,10623404,9232528,3593466,NA,NA,11285665,7984450,NA,7465709,4354948,NA,8421491,7410025,NA,9341794,5734169,NA,10512538,9418673,NA,10434577,8540130,NA,13648776,23765465,NA,12055193,9648201,NA,15633361,26046042,NA,72968629,42775892,NA,NA,89179805,86105412,NA,83443237,49238380,NA,101178968,97629654,NA,34583,20057,NA,86322,NA,53297,NA,NA,64581,42267,40373,NA,NA,48900,NA,54900,NA,89000,NA,82300,266600,NA,597700,NA,48,NA,44.6,NA,14694,NA,NA,NA,NA,NA,57.27,NA,27.2,NA,7544,NA,397224,NA,8920,NA,7986,NA,10318,NA,15087,NA,8706,NA,NA,NA,48,NA,NA
"12","Uttar Pradesh",2016,"2275631","12692774","15291","281233","205804","1743460","1612711","630139","6467950","5485378","42813637","36345687","2038517","941293","730630","19459927","14968405","6767153",7.2,213.6,199.6,235.5,5.2,5.8,3.8,NA,26.7,4.1,NA,1265,504808,NA,21929,NA,26387,NA,1418,NA,155.5,NA,NA,NA,67029,NA,NA,670,NA,2198,NA,619,NA,1760,NA,2636,NA,2133,NA,2169,NA,NA,NA,1291,NA,26251,NA,10296.1,NA,1379.1,NA,468.9,NA,19355,NA,1882,NA,1966,NA,9645,NA,NA,5862,NA,145385,NA,NA,864.5,NA,42550.8,NA,1164.6,NA,3460,NA,25425.2,12501,NA,NA,159.1,NA,14231,NA,20882,NA,16469,NA,26203,NA,35716307,NA,NA,43636510,NA,NA,41693882,NA,NA,50464892,NA,NA,3583432,NA,NA,NA,3857066,NA,NA,3653412,NA,NA,3937660,NA,NA,20177813,NA,NA,NA,NA,24358916,NA,NA,23984444,NA,NA,28049643,NA,NA,9096263,NA,NA,10862761,9716501,NA,NA,NA,11527519,NA,NA,9434858,NA,NA,11031061,NA,NA,11805778,NA,NA,13134491,NA,NA,10955996,NA,NA,15479073,NA,NA,12645300,NA,NA,17638489,NA,NA,79204873,NA,NA,NA,100938551,NA,NA,90824130,NA,NA,113780794,NA,NA,36973,NA,NA,108196,NA,64423,NA,NA,84983,47118,NA,NA,NA,55100,NA,64900,NA,102800,NA,93200,305500,NA,672500,NA,48.9,NA,45.4,NA,15773,NA,NA,NA,NA,NA,60.51,NA,24.5,NA,7543,NA,415383,NA,8950,NA,8483,NA,10635,NA,18632,NA,9303,NA,NA,NA,46,NA,NA
"13","Uttar Pradesh",2018,"3789457","13845026","15830","323002","227716","1864619","1456168","310599","8431099","7285531","51463543","43032444","2654962","1070841","839121","21692859","17634483","7847833",6.7,244.7,229.8,270.2,10.1,6,-0.4,NA,25.9,2.4,NA,1300,4580,NA,24398,NA,29052,NA,1151,NA,168.2,NA,NA,NA,79245,NA,NA,1054,NA,2594,NA,973,NA,2038,NA,3269,NA,2283,NA,2234,NA,NA,NA,1087,NA,28316.5,NA,10539.8,NA,1457.2,NA,476.6,NA,19800,NA,2262,NA,1971,NA,9753,NA,NA,5814,NA,177033.3,NA,NA,1145.7,NA,51369.9,NA,2200,NA,4016.8,NA,31879.1,13274,NA,NA,NA,NA,NA,NA,NA,NA,NA,NA,NA,NA,39561219,NA,NA,53235843,NA,NA,47065386,NA,NA,62194327,NA,NA,3232232,NA,NA,NA,4334836,NA,NA,3315507,NA,NA,4432485,NA,NA,28905691,NA,NA,NA,NA,34488731,NA,NA,32874988,NA,NA,38990213,NA,NA,10063627,NA,NA,13056118,10899255,NA,NA,NA,13941840,NA,NA,15858284,NA,NA,17311224,NA,NA,17861362,NA,NA,19604613,NA,NA,12431884,NA,NA,18415385,NA,NA,14286033,NA,NA,20927899,NA,NA,94514082,NA,NA,NA,129897981,NA,NA,107987935,NA,NA,146044273,NA,NA,42798,NA,NA,117089,NA,39088,NA,NA,52666,58821,NA,NA,NA,75610,NA,90600,NA,82800,NA,122300,354027,NA,885163,NA,43,NA,40,NA,16774,NA,96,105,97,NA,74.03,NA,NA,NA,7201,NA,428055,NA,9167,NA,9017,NA,12005,NA,24909,NA,11830,62,15,55,41,NA,NA
"14","Uttar Pradesh",1981,NA,NA,NA,"189643","770626",NA,NA,NA,NA,NA,NA,NA,NA,NA,NA,NA,NA,NA,NA,NA,NA,NA,NA,NA,NA,NA,NA,NA,NA,NA,NA,NA,NA,NA,NA,NA,NA,NA,NA,NA,NA,NA,NA,NA,NA,NA,NA,NA,NA,NA,NA,NA,NA,NA,NA,NA,NA,NA,NA,NA,NA,NA,NA,NA,NA,NA,NA,NA,NA,NA,NA,NA,NA,NA,NA,NA,NA,NA,NA,NA,NA,NA,NA,NA,NA,NA,NA,NA,NA,NA,NA,NA,NA,NA,NA,NA,NA,NA,NA,NA,NA,NA,NA,NA,NA,NA,NA,NA,NA,NA,NA,NA,NA,NA,NA,NA,NA,NA,NA,NA,NA,NA,NA,NA,NA,NA,NA,NA,NA,NA,NA,NA,NA,NA,NA,NA,NA,NA,NA,NA,NA,NA,NA,NA,NA,NA,NA,NA,NA,NA,NA,NA,NA,NA,NA,NA,NA,NA,NA,NA,NA,NA,NA,NA,NA,NA,NA,NA,NA,NA,NA,NA,NA,NA,NA,NA,NA,NA,NA,NA,NA,NA,NA,NA,NA,NA,NA,NA,NA,NA,NA,NA,NA,NA,NA,NA,NA,NA,NA,NA,NA,NA,NA,NA,NA,NA,NA,NA,NA,NA,NA,NA,NA,NA,NA,NA,NA,NA,NA,NA,NA,NA,NA,NA,NA,NA,NA,NA,NA,NA,NA,NA,NA,NA,NA,NA,NA,NA,NA,NA,NA,NA,NA,NA,NA,NA,NA,NA,NA,NA,NA
"15","Uttar Pradesh",1982,NA,NA,NA,"189970","771668",NA,NA,NA,NA,NA,NA,NA,NA,NA,NA,NA,NA,NA,NA,NA,NA,NA,NA,NA,NA,NA,NA,NA,NA,NA,NA,NA,NA,NA,NA,NA,NA,NA,NA,NA,NA,NA,NA,NA,NA,NA,NA,NA,NA,NA,NA,NA,NA,NA,NA,NA,NA,NA,436,NA,NA,NA,NA,NA,NA,NA,NA,NA,NA,NA,NA,NA,NA,NA,NA,NA,NA,NA,32.65,NA,NA,NA,NA,NA,NA,NA,NA,NA,NA,NA,NA,NA,NA,NA,NA,NA,882,NA,NA,NA,NA,NA,NA,NA,NA,NA,NA,NA,NA,NA,NA,NA,NA,NA,NA,NA,NA,NA,NA,NA,NA,NA,25.61,NA,NA,NA,NA,NA,NA,NA,NA,NA,NA,NA,NA,NA,NA,NA,NA,NA,NA,NA,NA,NA,NA,NA,NA,NA,NA,NA,NA,NA,NA,18750,NA,NA,NA,NA,NA,NA,NA,NA,NA,NA,NA,NA,NA,NA,NA,NA,NA,NA,NA,NA,NA,NA,NA,NA,NA,NA,NA,NA,NA,NA,86387,NA,NA,NA,NA,NA,NA,NA,NA,NA,NA,NA,NA,NA,NA,NA,NA,NA,NA,NA,NA,NA,NA,NA,NA,NA,NA,NA,NA,NA,NA,NA,NA,NA,NA,NA,NA,NA,NA,NA,NA,NA,NA,NA,NA,NA,NA,NA,NA,NA,NA,NA,NA,NA,NA,NA,NA,NA,NA,NA,NA,NA,NA,NA,NA,NA,105137
"16","Uttar Pradesh",1983,NA,NA,NA,"218540","812791",NA,NA,NA,NA,NA,NA,NA,NA,NA,NA,NA,NA,NA,NA,NA,NA,NA,NA,NA,NA,NA,NA,NA,NA,NA,NA,NA,NA,NA,NA,NA,NA,NA,NA,NA,NA,NA,NA,NA,NA,NA,NA,NA,NA,NA,NA,NA,NA,NA,NA,NA,NA,NA,NA,NA,NA,NA,NA,NA,NA,NA,NA,NA,NA,NA,NA,NA,NA,NA,NA,NA,NA,NA,NA,NA,NA,NA,NA,NA,NA,NA,NA,NA,NA,NA,NA,NA,NA,NA,NA,NA,NA,NA,NA,NA,NA,NA,NA,NA,NA,NA,NA,NA,NA,NA,NA,NA,NA,NA,NA,NA,NA,NA,NA,NA,NA,NA,NA,NA,NA,NA,NA,NA,NA,NA,NA,NA,NA,NA,NA,NA,NA,NA,NA,NA,NA,NA,NA,NA,NA,NA,NA,NA,NA,NA,NA,NA,NA,NA,NA,NA,NA,NA,NA,NA,NA,NA,NA,NA,NA,NA,NA,NA,NA,NA,NA,NA,NA,NA,NA,NA,NA,NA,NA,NA,NA,NA,NA,NA,NA,NA,NA,NA,NA,NA,NA,NA,NA,NA,NA,NA,NA,NA,NA,NA,NA,NA,NA,NA,NA,NA,NA,NA,NA,NA,NA,NA,NA,NA,NA,NA,NA,NA,NA,NA,NA,NA,NA,NA,NA,NA,NA,NA,NA,NA,NA,NA,NA,NA,NA,NA,NA,NA,NA,NA,NA,NA,NA,NA,NA,NA,NA,NA,NA,NA,NA
"17","Uttar Pradesh",1984,NA,NA,NA,"210948","724527",NA,NA,NA,NA,NA,NA,NA,NA,NA,NA,NA,NA,NA,NA,NA,NA,NA,NA,NA,NA,NA,NA,NA,NA,NA,NA,NA,NA,NA,NA,NA,NA,NA,NA,NA,NA,NA,NA,NA,NA,NA,NA,NA,NA,NA,NA,NA,NA,NA,NA,NA,NA,NA,NA,NA,NA,NA,NA,NA,NA,NA,NA,NA,NA,NA,NA,NA,NA,NA,NA,NA,NA,NA,NA,NA,NA,NA,NA,NA,NA,NA,NA,NA,NA,NA,NA,NA,NA,NA,NA,NA,NA,NA,NA,NA,NA,NA,NA,NA,NA,NA,NA,NA,NA,NA,NA,NA,NA,NA,NA,NA,NA,NA,NA,NA,NA,NA,NA,NA,NA,NA,NA,NA,NA,NA,NA,NA,NA,NA,NA,NA,NA,NA,NA,NA,NA,NA,NA,NA,NA,NA,NA,NA,NA,NA,NA,NA,NA,NA,NA,NA,NA,NA,NA,NA,NA,NA,NA,NA,NA,NA,NA,NA,NA,NA,NA,NA,NA,NA,NA,NA,NA,NA,NA,NA,NA,NA,NA,NA,NA,NA,NA,NA,NA,NA,NA,NA,NA,NA,NA,NA,NA,NA,NA,NA,NA,NA,NA,NA,NA,NA,NA,NA,NA,NA,NA,NA,NA,NA,NA,NA,NA,NA,NA,NA,NA,NA,NA,NA,NA,NA,NA,NA,NA,NA,NA,NA,NA,NA,NA,NA,NA,NA,NA,NA,NA,NA,NA,NA,NA,NA,NA,NA,NA,NA,NA
"18","Uttar Pradesh",1985,NA,NA,NA,"218702","749436",NA,NA,NA,NA,NA,NA,NA,NA,NA,NA,NA,NA,NA,NA,NA,NA,NA,NA,NA,NA,NA,NA,NA,NA,NA,NA,NA,NA,NA,NA,NA,NA,NA,NA,NA,NA,NA,NA,NA,NA,NA,NA,NA,NA,NA,NA,NA,NA,NA,NA,NA,NA,NA,NA,NA,NA,NA,NA,NA,NA,NA,NA,NA,NA,NA,NA,NA,NA,NA,NA,NA,NA,NA,NA,NA,NA,NA,NA,NA,NA,NA,NA,NA,NA,NA,NA,NA,NA,NA,NA,NA,NA,NA,NA,NA,NA,NA,NA,NA,NA,NA,NA,NA,NA,NA,NA,NA,NA,NA,NA,NA,NA,NA,NA,NA,NA,NA,NA,NA,NA,NA,NA,NA,NA,NA,NA,NA,NA,NA,NA,NA,NA,NA,NA,NA,NA,NA,NA,NA,NA,NA,NA,NA,NA,NA,NA,NA,NA,NA,NA,NA,NA,NA,NA,NA,NA,NA,NA,NA,NA,NA,NA,NA,NA,NA,NA,NA,NA,NA,NA,NA,NA,NA,NA,NA,NA,NA,NA,NA,NA,NA,NA,NA,NA,NA,NA,NA,NA,NA,NA,NA,NA,NA,NA,NA,NA,NA,NA,NA,NA,NA,NA,NA,NA,NA,NA,NA,NA,NA,NA,NA,NA,NA,NA,NA,NA,NA,NA,NA,NA,NA,NA,NA,NA,NA,NA,NA,NA,NA,NA,NA,NA,NA,NA,NA,NA,NA,NA,NA,NA,NA,NA,NA,NA,NA,NA
"19","Uttar Pradesh",1986,NA,NA,NA,"199889","682842",NA,NA,NA,NA,NA,NA,NA,NA,NA,NA,NA,NA,NA,NA,NA,NA,NA,NA,NA,NA,NA,NA,NA,NA,NA,NA,NA,NA,NA,NA,NA,NA,NA,NA,NA,NA,NA,NA,NA,NA,NA,NA,NA,NA,NA,NA,NA,NA,NA,NA,NA,NA,NA,NA,NA,NA,NA,NA,NA,NA,NA,NA,NA,NA,NA,NA,NA,NA,NA,NA,NA,NA,NA,NA,NA,NA,NA,NA,NA,NA,NA,NA,NA,NA,NA,NA,NA,NA,NA,NA,NA,NA,NA,NA,NA,NA,NA,NA,NA,NA,NA,NA,NA,NA,NA,NA,NA,NA,NA,NA,NA,NA,NA,NA,NA,NA,NA,NA,NA,NA,NA,NA,NA,NA,NA,NA,NA,NA,NA,NA,NA,NA,NA,NA,NA,NA,NA,NA,NA,NA,NA,NA,NA,NA,NA,NA,NA,NA,NA,NA,NA,NA,NA,NA,NA,NA,NA,NA,NA,NA,NA,NA,NA,NA,NA,NA,NA,NA,NA,NA,NA,NA,NA,NA,NA,NA,NA,NA,NA,NA,NA,NA,NA,NA,NA,NA,NA,NA,NA,NA,NA,NA,NA,NA,NA,NA,NA,NA,NA,NA,NA,NA,NA,NA,NA,NA,NA,NA,NA,NA,NA,NA,NA,NA,NA,NA,NA,NA,NA,NA,NA,NA,NA,NA,NA,NA,NA,NA,NA,NA,NA,NA,NA,NA,NA,NA,NA,NA,NA,NA,NA,NA,NA,NA,NA,NA
"20","Uttar Pradesh",1987,NA,NA,NA,"210728","695262",NA,NA,NA,NA,NA,NA,NA,NA,NA,NA,NA,NA,NA,NA,NA,NA,NA,NA,NA,NA,NA,NA,NA,NA,NA,NA,NA,NA,NA,NA,NA,NA,NA,NA,NA,NA,NA,NA,NA,NA,NA,NA,NA,NA,NA,NA,NA,NA,NA,NA,NA,NA,NA,NA,NA,NA,NA,NA,NA,NA,NA,NA,NA,NA,NA,NA,NA,NA,NA,NA,NA,NA,NA,NA,NA,NA,NA,NA,NA,NA,NA,NA,NA,NA,NA,NA,NA,NA,NA,NA,NA,NA,NA,NA,NA,NA,NA,NA,NA,NA,NA,NA,NA,NA,NA,NA,NA,NA,NA,NA,NA,NA,NA,NA,NA,NA,NA,NA,NA,NA,NA,NA,NA,NA,NA,NA,NA,NA,NA,NA,NA,NA,NA,NA,NA,NA,NA,NA,NA,NA,NA,NA,NA,NA,NA,NA,NA,NA,NA,NA,NA,NA,NA,NA,NA,NA,NA,NA,NA,NA,NA,NA,NA,NA,NA,NA,NA,NA,NA,NA,NA,NA,NA,NA,NA,NA,NA,NA,NA,NA,NA,NA,NA,NA,NA,NA,NA,NA,NA,NA,NA,NA,NA,NA,NA,NA,NA,NA,NA,NA,NA,NA,NA,NA,NA,NA,NA,NA,NA,NA,NA,NA,NA,NA,NA,NA,NA,NA,NA,NA,NA,NA,NA,NA,NA,NA,NA,NA,NA,NA,NA,NA,NA,NA,NA,NA,NA,NA,NA,NA,NA,NA,NA,NA,NA,NA
"21","Uttar Pradesh",1988,NA,NA,NA,"224363","752642",NA,NA,NA,NA,NA,NA,NA,NA,NA,NA,NA,NA,NA,NA,NA,NA,NA,NA,NA,NA,NA,NA,NA,NA,NA,NA,NA,NA,NA,NA,NA,NA,NA,NA,NA,NA,NA,NA,NA,NA,NA,NA,NA,NA,NA,NA,NA,NA,NA,NA,NA,NA,NA,NA,NA,NA,NA,NA,NA,NA,NA,NA,NA,NA,NA,NA,NA,NA,NA,NA,NA,NA,NA,NA,NA,NA,NA,NA,NA,NA,NA,NA,NA,NA,NA,NA,NA,NA,NA,NA,NA,NA,NA,NA,NA,NA,NA,NA,NA,NA,NA,NA,NA,NA,NA,NA,NA,NA,NA,NA,NA,NA,NA,NA,NA,NA,NA,NA,NA,NA,NA,NA,NA,NA,NA,NA,NA,NA,NA,NA,NA,NA,NA,NA,NA,NA,NA,NA,NA,NA,NA,NA,NA,NA,NA,NA,NA,NA,NA,NA,NA,NA,NA,NA,NA,NA,NA,NA,NA,NA,NA,NA,NA,NA,NA,NA,NA,NA,NA,NA,NA,NA,NA,NA,NA,NA,NA,NA,NA,NA,NA,NA,NA,NA,NA,NA,NA,NA,NA,NA,NA,NA,NA,NA,NA,NA,NA,NA,NA,NA,NA,NA,NA,NA,NA,NA,NA,NA,NA,NA,NA,NA,NA,NA,NA,NA,NA,NA,NA,NA,NA,NA,NA,NA,NA,NA,NA,NA,NA,NA,NA,NA,NA,NA,NA,NA,NA,NA,NA,NA,NA,NA,NA,NA,NA,NA
"22","Uttar Pradesh",1989,NA,NA,NA,"231047","755228",NA,NA,NA,NA,NA,NA,NA,NA,NA,NA,NA,NA,NA,NA,NA,NA,NA,NA,NA,NA,NA,NA,NA,NA,NA,NA,NA,NA,NA,NA,NA,NA,NA,NA,NA,NA,NA,NA,NA,NA,NA,NA,NA,NA,NA,NA,NA,NA,NA,NA,NA,NA,NA,NA,NA,NA,NA,NA,NA,NA,NA,NA,NA,NA,NA,NA,NA,NA,NA,NA,NA,NA,NA,NA,NA,NA,NA,NA,NA,NA,NA,NA,NA,NA,NA,NA,NA,NA,NA,NA,NA,NA,NA,NA,NA,NA,NA,NA,NA,NA,NA,NA,NA,NA,NA,NA,NA,NA,NA,NA,NA,NA,NA,NA,NA,NA,NA,NA,NA,NA,NA,NA,NA,NA,NA,NA,NA,NA,NA,NA,NA,NA,NA,NA,NA,NA,NA,NA,NA,NA,NA,NA,NA,NA,NA,NA,NA,NA,NA,NA,NA,NA,NA,NA,NA,NA,NA,NA,NA,NA,NA,NA,NA,NA,NA,NA,NA,NA,NA,NA,NA,NA,NA,NA,NA,NA,NA,NA,NA,NA,NA,NA,NA,NA,NA,NA,NA,NA,NA,NA,NA,NA,NA,NA,NA,NA,NA,NA,NA,NA,NA,NA,NA,NA,NA,NA,NA,NA,NA,NA,NA,NA,NA,NA,NA,NA,NA,NA,NA,NA,NA,NA,NA,NA,NA,NA,NA,NA,NA,NA,NA,NA,NA,NA,NA,NA,NA,NA,NA,NA,NA,NA,NA,NA,NA,NA
"23","Uttar Pradesh",1990,NA,NA,NA,"234689","797101",NA,NA,NA,NA,NA,NA,NA,NA,NA,NA,NA,NA,NA,NA,NA,NA,NA,NA,NA,NA,NA,NA,NA,NA,NA,NA,NA,NA,NA,NA,NA,NA,NA,NA,NA,NA,NA,NA,NA,NA,NA,NA,NA,NA,NA,NA,NA,NA,NA,NA,NA,NA,NA,NA,NA,NA,NA,NA,NA,NA,NA,NA,NA,NA,NA,NA,NA,NA,NA,NA,NA,NA,NA,NA,NA,NA,NA,NA,NA,NA,NA,NA,NA,NA,NA,NA,NA,NA,NA,NA,NA,NA,NA,NA,NA,NA,NA,NA,NA,NA,NA,NA,NA,NA,NA,NA,NA,NA,NA,NA,NA,NA,NA,NA,NA,NA,NA,NA,NA,NA,NA,NA,NA,NA,NA,NA,NA,NA,NA,NA,NA,NA,NA,NA,NA,NA,NA,NA,NA,NA,NA,NA,NA,NA,NA,NA,NA,NA,NA,NA,NA,NA,NA,NA,NA,NA,NA,NA,NA,NA,NA,NA,NA,NA,NA,NA,NA,NA,NA,NA,NA,NA,NA,NA,NA,NA,NA,NA,NA,NA,NA,NA,NA,NA,NA,NA,NA,NA,NA,NA,NA,NA,NA,NA,NA,NA,NA,NA,NA,NA,NA,NA,NA,NA,NA,NA,NA,NA,NA,NA,NA,NA,NA,NA,NA,NA,NA,NA,NA,NA,NA,NA,NA,NA,NA,NA,NA,NA,NA,NA,NA,NA,NA,NA,NA,NA,NA,NA,NA,NA,NA,NA,NA,NA,NA,NA
"24","Uttar Pradesh",1991,NA,NA,NA,"236987","789011",NA,NA,NA,NA,NA,NA,NA,NA,NA,NA,NA,NA,NA,NA,NA,NA,NA,NA,NA,NA,NA,NA,NA,NA,NA,NA,NA,NA,NA,NA,NA,NA,NA,NA,NA,NA,NA,NA,NA,NA,NA,NA,NA,NA,NA,NA,NA,NA,NA,NA,NA,NA,NA,NA,NA,NA,NA,NA,NA,NA,NA,NA,NA,NA,NA,NA,NA,NA,NA,NA,NA,NA,NA,NA,NA,NA,NA,NA,NA,NA,NA,NA,NA,NA,NA,NA,NA,NA,NA,NA,NA,NA,NA,NA,NA,NA,NA,NA,NA,NA,NA,NA,NA,NA,NA,NA,NA,NA,NA,NA,NA,NA,NA,NA,NA,NA,NA,NA,NA,NA,NA,NA,NA,NA,NA,NA,NA,NA,NA,NA,NA,NA,NA,NA,NA,NA,NA,NA,NA,NA,NA,NA,NA,NA,NA,NA,NA,NA,NA,NA,NA,NA,NA,NA,NA,NA,NA,NA,NA,NA,NA,NA,NA,NA,NA,NA,NA,NA,NA,NA,NA,NA,NA,NA,NA,NA,NA,NA,NA,NA,NA,NA,NA,NA,NA,NA,NA,NA,NA,NA,NA,NA,NA,NA,NA,NA,NA,NA,NA,NA,NA,NA,NA,NA,NA,NA,NA,NA,NA,NA,NA,NA,NA,NA,NA,NA,NA,NA,NA,NA,NA,NA,NA,NA,NA,NA,NA,NA,NA,NA,NA,NA,NA,NA,NA,NA,NA,NA,NA,NA,NA,NA,NA,NA,NA,NA
"25","Uttar Pradesh",1992,NA,NA,NA,"226036","753662",NA,NA,NA,NA,NA,NA,NA,NA,NA,NA,NA,NA,NA,NA,NA,NA,NA,NA,NA,NA,NA,NA,NA,NA,NA,NA,NA,NA,NA,NA,NA,NA,NA,NA,NA,NA,NA,NA,NA,NA,NA,NA,NA,NA,NA,NA,NA,NA,NA,NA,NA,NA,NA,548,NA,NA,NA,NA,NA,NA,NA,NA,NA,NA,NA,NA,NA,NA,NA,NA,NA,NA,NA,40.71,NA,NA,NA,NA,NA,NA,NA,NA,NA,NA,NA,NA,NA,NA,NA,NA,NA,876,NA,NA,NA,NA,NA,NA,NA,NA,NA,NA,NA,NA,NA,NA,NA,NA,NA,NA,NA,NA,NA,NA,NA,NA,NA,25.85,NA,NA,NA,NA,NA,NA,NA,NA,NA,NA,NA,NA,NA,NA,NA,NA,NA,NA,NA,NA,NA,NA,NA,NA,NA,NA,NA,NA,NA,NA,25972,NA,NA,NA,NA,NA,NA,NA,NA,NA,NA,NA,NA,NA,NA,NA,NA,NA,NA,NA,NA,NA,NA,NA,NA,NA,NA,NA,NA,NA,NA,106090,NA,NA,NA,NA,NA,NA,NA,NA,NA,NA,NA,NA,NA,NA,NA,NA,NA,NA,NA,NA,NA,NA,NA,NA,NA,NA,NA,NA,NA,NA,NA,NA,NA,NA,NA,NA,NA,NA,NA,NA,NA,NA,NA,NA,NA,NA,NA,NA,NA,NA,NA,NA,NA,NA,NA,NA,NA,NA,NA,NA,NA,NA,NA,NA,NA,132062
"26","Uttar Pradesh",1993,NA,NA,NA,"234714","786168",NA,NA,NA,NA,NA,NA,NA,NA,NA,NA,NA,NA,NA,NA,NA,NA,NA,NA,NA,NA,NA,NA,NA,NA,NA,NA,NA,NA,NA,NA,NA,NA,NA,NA,NA,NA,NA,NA,NA,NA,NA,NA,NA,NA,NA,NA,NA,NA,NA,NA,NA,NA,NA,NA,NA,NA,NA,NA,NA,NA,NA,NA,NA,NA,NA,NA,NA,NA,NA,NA,NA,NA,NA,NA,NA,NA,NA,NA,NA,NA,NA,NA,NA,NA,NA,NA,NA,NA,NA,NA,NA,NA,NA,NA,NA,NA,NA,NA,NA,NA,NA,NA,NA,NA,NA,NA,NA,NA,NA,NA,NA,NA,NA,NA,NA,NA,NA,NA,NA,NA,NA,NA,NA,NA,NA,NA,NA,NA,NA,NA,NA,NA,NA,NA,NA,NA,NA,NA,NA,NA,NA,NA,NA,NA,NA,NA,NA,NA,NA,NA,NA,NA,NA,NA,NA,NA,NA,NA,NA,NA,NA,NA,NA,NA,NA,NA,NA,NA,NA,NA,NA,NA,NA,NA,NA,NA,NA,NA,NA,NA,NA,NA,NA,NA,NA,NA,NA,NA,NA,NA,NA,NA,NA,NA,NA,NA,NA,NA,NA,NA,NA,NA,NA,NA,NA,NA,NA,NA,NA,NA,NA,NA,NA,NA,NA,NA,NA,NA,NA,NA,NA,NA,NA,NA,NA,NA,NA,NA,NA,NA,NA,NA,NA,NA,NA,NA,NA,NA,NA,NA,NA,NA,NA,NA,NA,NA
"27","Uttar Pradesh",1994,NA,NA,NA,"232057","777777",NA,NA,NA,NA,NA,NA,NA,NA,NA,NA,NA,NA,NA,NA,NA,NA,NA,NA,NA,NA,NA,NA,NA,NA,NA,NA,NA,NA,NA,NA,NA,NA,NA,NA,NA,NA,NA,NA,NA,NA,NA,NA,NA,NA,NA,NA,NA,NA,NA,NA,NA,NA,NA,NA,NA,NA,NA,NA,NA,NA,NA,NA,NA,NA,NA,NA,NA,NA,NA,NA,NA,NA,NA,NA,NA,NA,NA,NA,NA,NA,NA,NA,NA,NA,NA,NA,NA,NA,NA,NA,NA,NA,NA,NA,NA,NA,NA,NA,NA,NA,NA,NA,NA,NA,NA,NA,NA,NA,NA,NA,NA,NA,NA,NA,NA,NA,NA,NA,NA,NA,NA,NA,NA,NA,NA,NA,NA,NA,NA,NA,NA,NA,NA,NA,NA,NA,NA,NA,NA,NA,NA,NA,NA,NA,NA,NA,NA,NA,NA,NA,NA,NA,NA,NA,NA,NA,NA,NA,NA,NA,NA,NA,NA,NA,NA,NA,NA,NA,NA,NA,NA,NA,NA,NA,NA,NA,NA,NA,NA,NA,NA,NA,NA,NA,NA,NA,NA,NA,NA,NA,NA,NA,NA,NA,NA,NA,NA,NA,NA,NA,NA,NA,NA,NA,NA,NA,NA,NA,NA,NA,NA,NA,NA,NA,NA,NA,NA,NA,NA,32,11,29,NA,NA,NA,NA,NA,NA,NA,NA,NA,NA,NA,NA,NA,NA,NA,NA,NA,NA,9,3,7,NA,NA,NA
"28","Uttar Pradesh",1995,NA,NA,NA,"232036","760457",NA,NA,NA,NA,NA,NA,NA,NA,NA,NA,NA,NA,NA,NA,NA,NA,NA,NA,NA,NA,NA,NA,NA,NA,NA,NA,NA,NA,NA,NA,NA,NA,NA,NA,NA,NA,NA,NA,NA,NA,NA,NA,NA,NA,NA,NA,NA,NA,NA,NA,NA,NA,NA,NA,NA,NA,NA,NA,NA,NA,NA,NA,NA,NA,NA,NA,NA,NA,NA,NA,NA,NA,NA,NA,NA,NA,NA,NA,NA,NA,NA,NA,NA,NA,NA,NA,NA,NA,NA,NA,NA,NA,NA,NA,NA,NA,NA,NA,NA,NA,NA,NA,NA,NA,NA,NA,NA,NA,NA,NA,NA,NA,NA,NA,NA,NA,NA,NA,NA,NA,NA,NA,NA,NA,NA,NA,NA,NA,NA,NA,NA,NA,NA,NA,NA,NA,NA,NA,NA,NA,NA,NA,NA,NA,NA,NA,NA,NA,NA,NA,NA,NA,NA,NA,NA,NA,NA,NA,NA,NA,NA,NA,NA,NA,NA,NA,NA,NA,NA,NA,NA,NA,NA,NA,NA,NA,NA,NA,NA,NA,NA,NA,NA,NA,NA,NA,NA,NA,NA,NA,NA,NA,NA,NA,NA,NA,NA,NA,NA,NA,NA,NA,NA,NA,NA,NA,NA,NA,NA,NA,NA,NA,NA,NA,NA,NA,NA,NA,NA,NA,NA,NA,NA,NA,NA,NA,NA,NA,NA,NA,NA,NA,NA,NA,NA,NA,NA,NA,NA,NA,NA,NA,NA,NA,NA,NA
"29","Uttar Pradesh",1996,NA,NA,NA,"240081","797290",NA,NA,NA,NA,NA,NA,NA,NA,NA,NA,NA,NA,NA,NA,NA,NA,NA,NA,NA,NA,NA,NA,NA,NA,NA,NA,NA,NA,NA,NA,NA,NA,NA,NA,NA,NA,NA,NA,NA,NA,NA,NA,NA,NA,NA,NA,NA,NA,NA,NA,NA,NA,NA,NA,NA,NA,NA,NA,NA,NA,NA,NA,NA,NA,NA,NA,NA,NA,NA,NA,NA,NA,NA,NA,NA,NA,NA,NA,NA,NA,NA,NA,NA,NA,NA,NA,NA,NA,NA,NA,NA,NA,NA,NA,NA,NA,NA,NA,NA,NA,NA,NA,NA,NA,NA,NA,NA,NA,NA,NA,NA,NA,NA,NA,NA,NA,NA,NA,NA,NA,NA,NA,NA,NA,NA,NA,NA,NA,NA,NA,NA,NA,NA,NA,NA,NA,NA,NA,NA,NA,NA,NA,NA,NA,NA,NA,NA,NA,NA,NA,NA,NA,NA,NA,NA,NA,NA,NA,NA,NA,NA,NA,NA,NA,NA,NA,NA,NA,NA,NA,NA,NA,NA,NA,NA,NA,NA,NA,NA,NA,NA,NA,NA,NA,NA,NA,NA,NA,NA,NA,NA,NA,NA,NA,NA,NA,NA,NA,NA,NA,NA,NA,NA,NA,NA,NA,NA,NA,NA,NA,NA,NA,NA,NA,NA,NA,NA,NA,NA,NA,NA,NA,NA,NA,NA,NA,NA,NA,NA,NA,NA,NA,NA,NA,NA,NA,NA,NA,NA,NA,NA,NA,NA,NA,NA,NA
"30","Uttar Pradesh",1997,NA,NA,NA,"244434","817692",NA,NA,NA,NA,NA,NA,NA,NA,NA,NA,NA,NA,NA,NA,NA,NA,NA,NA,NA,NA,NA,NA,NA,NA,NA,NA,NA,NA,NA,NA,NA,NA,NA,NA,NA,NA,NA,NA,NA,NA,NA,NA,NA,NA,NA,NA,NA,NA,NA,NA,NA,NA,NA,NA,NA,NA,NA,NA,NA,NA,NA,NA,NA,NA,NA,NA,NA,NA,NA,NA,NA,NA,NA,NA,NA,NA,NA,NA,NA,NA,NA,NA,NA,NA,NA,NA,NA,NA,NA,NA,NA,NA,NA,NA,NA,NA,NA,NA,NA,NA,NA,NA,NA,NA,NA,NA,NA,NA,NA,NA,NA,NA,NA,NA,NA,NA,NA,NA,NA,NA,NA,NA,NA,NA,NA,NA,NA,NA,NA,NA,NA,NA,NA,NA,NA,NA,NA,NA,NA,NA,NA,NA,NA,NA,NA,NA,NA,NA,NA,NA,NA,NA,NA,NA,NA,NA,NA,NA,NA,NA,NA,NA,NA,NA,NA,NA,NA,NA,NA,NA,NA,NA,NA,NA,NA,NA,NA,NA,NA,NA,NA,NA,NA,NA,NA,NA,NA,NA,NA,NA,NA,NA,NA,NA,NA,NA,NA,NA,NA,NA,NA,NA,NA,NA,NA,NA,NA,NA,NA,NA,NA,NA,NA,NA,NA,NA,NA,NA,NA,NA,NA,NA,NA,NA,NA,NA,NA,NA,NA,NA,NA,NA,NA,NA,NA,NA,NA,NA,NA,NA,NA,NA,NA,NA,NA,NA
"31","Uttar Pradesh",2000,NA,NA,NA,"-",NA,NA,NA,NA,NA,NA,NA,NA,NA,NA,NA,NA,NA,NA,NA,NA,NA,NA,NA,NA,NA,NA,NA,NA,NA,NA,NA,NA,NA,NA,NA,NA,NA,NA,NA,NA,NA,NA,NA,NA,NA,NA,NA,NA,NA,NA,NA,NA,NA,NA,NA,NA,NA,NA,NA,NA,NA,NA,NA,NA,NA,NA,NA,NA,NA,NA,NA,NA,NA,NA,NA,NA,NA,NA,NA,NA,NA,NA,NA,NA,NA,NA,NA,NA,NA,NA,NA,NA,NA,NA,NA,NA,NA,NA,NA,NA,NA,NA,NA,NA,NA,NA,NA,NA,NA,NA,NA,NA,NA,NA,NA,NA,NA,NA,NA,NA,NA,NA,NA,NA,NA,NA,NA,NA,NA,NA,NA,NA,NA,NA,NA,NA,NA,NA,NA,NA,NA,NA,NA,NA,NA,NA,NA,NA,NA,NA,NA,NA,NA,NA,NA,NA,NA,NA,NA,NA,NA,NA,NA,NA,NA,NA,NA,NA,NA,NA,NA,NA,NA,NA,NA,NA,NA,NA,NA,NA,NA,NA,NA,NA,NA,NA,NA,NA,NA,NA,NA,NA,NA,NA,NA,NA,NA,NA,NA,NA,NA,NA,NA,NA,NA,NA,NA,NA,NA,NA,NA,NA,NA,NA,NA,NA,NA,NA,NA,NA,NA,NA,NA,NA,43,33,41,NA,NA,NA,NA,NA,NA,NA,NA,NA,NA,NA,NA,NA,NA,NA,NA,NA,NA,10,3,8,NA,NA,NA
"32","Uttar Pradesh",2001,NA,NA,NA,"-",NA,NA,NA,NA,NA,NA,NA,NA,NA,NA,NA,NA,NA,NA,NA,NA,NA,NA,NA,NA,NA,NA,NA,NA,NA,NA,NA,NA,NA,NA,NA,NA,NA,NA,NA,NA,NA,NA,NA,NA,NA,NA,NA,NA,NA,NA,NA,NA,NA,NA,NA,NA,NA,NA,NA,NA,NA,NA,NA,NA,NA,NA,NA,NA,NA,NA,NA,NA,NA,NA,NA,NA,NA,NA,NA,NA,NA,NA,NA,NA,NA,NA,NA,NA,NA,NA,NA,NA,NA,NA,NA,NA,NA,NA,NA,NA,NA,NA,NA,NA,NA,NA,NA,NA,NA,NA,NA,NA,NA,NA,NA,NA,NA,NA,NA,NA,NA,NA,NA,NA,NA,NA,NA,NA,NA,NA,NA,NA,NA,NA,NA,NA,NA,NA,NA,NA,NA,NA,NA,NA,NA,NA,NA,NA,NA,NA,NA,NA,NA,NA,NA,NA,NA,NA,NA,NA,NA,NA,NA,NA,NA,NA,NA,NA,NA,NA,NA,NA,NA,NA,NA,NA,NA,NA,NA,NA,NA,NA,NA,NA,NA,NA,NA,NA,NA,NA,NA,NA,NA,NA,NA,NA,NA,NA,NA,NA,NA,NA,NA,NA,NA,NA,NA,NA,NA,NA,NA,NA,NA,NA,NA,NA,NA,NA,NA,NA,NA,NA,NA,NA,NA,NA,NA,NA,NA,NA,NA,NA,NA,NA,NA,NA,NA,NA,NA,NA,NA,NA,NA,NA,NA,NA,NA,NA,NA,NA,NA
"33","Uttar Pradesh",2002,NA,NA,NA,"-",NA,NA,NA,NA,NA,NA,NA,NA,NA,NA,NA,NA,NA,NA,NA,NA,NA,NA,NA,NA,NA,NA,NA,NA,NA,NA,NA,NA,NA,NA,NA,NA,NA,NA,NA,NA,NA,NA,NA,NA,NA,NA,NA,NA,NA,NA,NA,NA,NA,NA,NA,NA,NA,NA,690,NA,NA,NA,NA,NA,NA,NA,NA,NA,NA,NA,NA,NA,NA,NA,NA,NA,NA,NA,56.27,NA,NA,NA,NA,NA,NA,NA,NA,NA,NA,NA,NA,NA,NA,NA,NA,NA,898,NA,NA,NA,NA,NA,NA,NA,NA,NA,NA,NA,NA,NA,NA,NA,NA,NA,NA,NA,NA,NA,NA,NA,NA,NA,20.23,NA,NA,NA,NA,NA,NA,NA,NA,NA,NA,NA,NA,NA,NA,NA,NA,NA,NA,NA,NA,NA,NA,NA,NA,NA,NA,NA,NA,NA,NA,34540,NA,NA,NA,NA,NA,NA,NA,NA,NA,NA,NA,NA,NA,NA,NA,NA,NA,NA,NA,NA,NA,NA,NA,NA,NA,NA,NA,NA,NA,NA,131658,NA,NA,NA,NA,NA,NA,NA,NA,NA,NA,NA,NA,NA,NA,NA,NA,NA,NA,NA,NA,NA,NA,NA,NA,NA,NA,NA,NA,NA,NA,NA,NA,NA,NA,NA,NA,NA,NA,NA,NA,NA,NA,NA,NA,NA,NA,NA,NA,NA,NA,NA,NA,NA,NA,NA,NA,NA,NA,NA,NA,NA,NA,NA,NA,NA,166198
"34","Uttar Pradesh",2003,NA,NA,NA,"-",NA,NA,NA,NA,NA,NA,NA,NA,NA,NA,NA,NA,NA,NA,NA,NA,NA,NA,NA,NA,NA,NA,NA,NA,NA,NA,NA,NA,NA,NA,NA,NA,NA,NA,NA,NA,NA,NA,NA,NA,NA,NA,NA,NA,NA,NA,NA,NA,NA,NA,NA,NA,NA,NA,NA,NA,NA,NA,NA,NA,NA,NA,NA,NA,NA,NA,NA,NA,NA,NA,NA,NA,NA,NA,NA,NA,NA,NA,NA,NA,NA,NA,NA,NA,NA,NA,NA,NA,NA,NA,NA,NA,NA,NA,NA,NA,NA,NA,NA,NA,NA,NA,NA,NA,NA,NA,NA,NA,NA,NA,NA,NA,NA,NA,NA,NA,NA,NA,NA,NA,NA,NA,NA,NA,NA,NA,NA,NA,NA,NA,NA,NA,NA,NA,NA,NA,NA,NA,NA,NA,NA,NA,NA,NA,NA,NA,NA,NA,NA,NA,NA,NA,NA,NA,NA,NA,NA,NA,NA,NA,NA,NA,NA,NA,NA,NA,NA,NA,NA,NA,NA,NA,NA,NA,NA,NA,NA,NA,NA,NA,NA,NA,NA,NA,NA,NA,NA,NA,NA,NA,NA,NA,NA,NA,NA,NA,NA,NA,NA,NA,NA,NA,NA,NA,NA,NA,NA,NA,NA,NA,NA,NA,NA,NA,NA,NA,NA,NA,NA,NA,NA,NA,NA,NA,NA,NA,NA,NA,NA,NA,NA,NA,NA,NA,NA,NA,NA,NA,NA,NA,NA,NA,NA,NA,NA,NA,NA
"35","Uttar Pradesh",2004,NA,NA,NA,"-",NA,NA,NA,NA,NA,NA,NA,NA,NA,NA,NA,NA,NA,NA,NA,NA,NA,NA,NA,NA,NA,NA,NA,NA,NA,NA,NA,NA,NA,NA,NA,NA,NA,NA,NA,NA,NA,NA,NA,NA,NA,NA,NA,NA,NA,NA,NA,NA,NA,NA,NA,NA,NA,NA,NA,NA,NA,NA,NA,NA,NA,NA,NA,NA,NA,NA,NA,NA,NA,NA,NA,NA,NA,NA,NA,NA,NA,NA,NA,NA,NA,NA,NA,NA,NA,NA,NA,NA,NA,NA,NA,NA,NA,NA,NA,NA,NA,NA,NA,NA,NA,NA,NA,NA,NA,NA,NA,NA,NA,NA,NA,NA,NA,NA,NA,NA,NA,NA,NA,NA,NA,NA,NA,NA,NA,NA,NA,NA,NA,NA,NA,NA,NA,NA,NA,NA,NA,NA,NA,NA,NA,NA,NA,NA,NA,NA,NA,NA,NA,NA,NA,NA,NA,NA,NA,NA,NA,NA,NA,NA,NA,NA,NA,NA,NA,NA,NA,NA,NA,NA,NA,NA,NA,NA,NA,NA,NA,NA,NA,NA,NA,NA,NA,NA,NA,NA,NA,NA,NA,NA,NA,NA,NA,NA,NA,NA,NA,NA,NA,NA,NA,NA,NA,NA,NA,NA,NA,NA,NA,NA,NA,NA,NA,NA,NA,NA,NA,NA,NA,NA,NA,NA,NA,NA,NA,NA,NA,NA,NA,NA,NA,NA,NA,NA,NA,NA,NA,NA,NA,NA,NA,NA,NA,NA,NA,NA,NA
"36","Uttar Pradesh",1998,NA,NA,NA,NA,"767522",NA,NA,NA,NA,NA,NA,NA,NA,NA,NA,NA,NA,NA,NA,NA,NA,NA,NA,NA,NA,NA,NA,NA,NA,NA,NA,NA,NA,NA,NA,NA,NA,NA,NA,NA,NA,NA,NA,NA,NA,NA,NA,NA,NA,NA,NA,NA,NA,NA,NA,NA,NA,NA,NA,NA,NA,NA,NA,NA,NA,NA,NA,NA,NA,NA,NA,NA,NA,NA,NA,NA,NA,NA,NA,NA,NA,NA,NA,NA,NA,NA,NA,NA,NA,NA,NA,NA,NA,NA,NA,NA,NA,NA,NA,NA,NA,NA,NA,NA,NA,NA,NA,NA,NA,NA,NA,NA,NA,NA,NA,NA,NA,NA,NA,NA,NA,NA,NA,NA,NA,NA,NA,NA,NA,NA,NA,NA,NA,NA,NA,NA,NA,NA,NA,NA,NA,NA,NA,NA,NA,NA,NA,NA,NA,NA,NA,NA,NA,NA,NA,NA,NA,NA,NA,NA,NA,NA,NA,NA,NA,NA,NA,NA,NA,NA,NA,NA,NA,NA,NA,NA,NA,NA,NA,NA,NA,NA,NA,NA,NA,NA,NA,NA,NA,NA,NA,NA,NA,NA,NA,NA,NA,NA,NA,NA,NA,NA,NA,NA,NA,NA,NA,NA,NA,NA,NA,NA,NA,NA,NA,NA,NA,NA,NA,NA,NA,NA,NA,NA,NA,NA,NA,NA,NA,NA,NA,NA,NA,NA,NA,NA,NA,NA,NA,NA,NA,NA,NA,NA,NA,NA,NA,NA,NA,NA,NA
"37","Uttar Pradesh",2019,NA,NA,NA,NA,NA,NA,NA,NA,NA,NA,NA,NA,NA,NA,NA,NA,NA,NA,6.6,261.1,247.1,285.8,11.5,6,1.5,NA,25.6,3.8,NA,1316,4950,NA,26050,NA,30519,NA,1227,NA,170.1,NA,NA,NA,80807,NA,NA,1079,NA,2803,NA,1051,NA,2063,NA,3432,NA,2704,NA,2224,NA,NA,NA,1233,NA,27703.8,NA,10651.3,NA,1256.3,NA,480.5,NA,19493,NA,2291,NA,1914,NA,9540,NA,NA,5748,NA,179714.8,NA,NA,1330.8,NA,54643.4,NA,2408,NA,3948.8,NA,32741.3,15545.3,NA,NA,NA,NA,NA,NA,NA,NA,NA,NA,NA,NA,42591524,NA,NA,59670590,NA,NA,50661536,NA,NA,69624604,NA,NA,3355908,NA,NA,NA,4729306,NA,NA,3442370,NA,NA,4835841,NA,NA,29614853,NA,NA,NA,NA,36904570,NA,NA,33580552,NA,NA,41628411,NA,NA,10649218,NA,NA,14116523,11533470,NA,NA,NA,15002246,NA,NA,16550198,NA,NA,18937437,NA,NA,18553276,NA,NA,21446267,NA,NA,13119359,NA,NA,20562063,NA,NA,15076041,NA,NA,23367461,NA,NA,99599875,NA,NA,NA,149131092,NA,NA,113746879,NA,NA,166822924,NA,NA,44421,NA,NA,170190,NA,88528,NA,NA,116799,66512,NA,NA,NA,81900,NA,113000,NA,79600,NA,124100,392700,NA,953600,NA,43.9,NA,41.2,NA,17022,NA,112,61,106,NA,71.36,NA,NA,NA,NA,NA,NA,NA,10324,NA,NA,NA,11710,NA,25130,NA,11612,48,18,43,43,NA,NA
"38","Uttar Pradesh",2020,NA,NA,NA,NA,NA,NA,NA,NA,NA,NA,NA,NA,NA,NA,NA,NA,NA,NA,NA,271.6,257.7,299,4.5,2,7.5,NA,NA,5.9,NA,NA,NA,NA,NA,NA,NA,NA,NA,NA,NA,NA,NA,NA,NA,NA,NA,NA,NA,NA,NA,NA,NA,NA,NA,NA,NA,NA,NA,NA,NA,NA,NA,NA,NA,NA,NA,NA,NA,NA,NA,NA,NA,NA,NA,NA,NA,NA,NA,NA,NA,NA,NA,NA,NA,NA,NA,NA,NA,NA,NA,NA,NA,NA,NA,NA,NA,NA,NA,NA,NA,NA,NA,NA,NA,NA,NA,NA,NA,45799546,NA,NA,66733560,NA,NA,54439679,NA,NA,77837836,NA,NA,3550551,NA,NA,NA,5252840,NA,NA,3642027,NA,NA,5371169,NA,NA,29958866,NA,NA,NA,NA,38242021,NA,NA,33979972,NA,NA,43116113,NA,NA,11159652,NA,NA,15134381,12086288,NA,NA,NA,16083968,NA,NA,16308230,NA,NA,18927419,NA,NA,18282023,NA,NA,21434922,NA,NA,13326769,NA,NA,21590167,NA,NA,15314386,NA,NA,24535834,NA,NA,103918015,NA,NA,NA,160308303,NA,NA,118727667,NA,NA,179450788,NA,NA,45648,NA,NA,182457,NA,77641,NA,NA,105744,70419,NA,NA,NA,86646,NA,130377,NA,84801,NA,139491,470245,NA,1041507,NA,45.2,NA,42.7,NA,17462,NA,NA,NA,NA,NA,68.63,NA,NA,NA,NA,NA,NA,NA,8823,NA,11737,NA,NA,NA,NA,NA,NA,NA,NA,NA,NA,NA,NA
"39","Uttar Pradesh",1952,NA,NA,NA,NA,NA,NA,NA,NA,NA,NA,NA,NA,NA,NA,NA,NA,NA,NA,NA,NA,NA,NA,NA,NA,NA,NA,NA,NA,NA,NA,NA,NA,NA,NA,NA,NA,NA,NA,NA,NA,NA,NA,NA,NA,NA,NA,NA,NA,NA,NA,NA,NA,NA,NA,NA,NA,NA,NA,250,NA,NA,NA,NA,NA,NA,NA,NA,NA,NA,NA,NA,NA,NA,NA,NA,NA,NA,NA,12.02,NA,NA,NA,NA,NA,NA,NA,NA,NA,NA,NA,NA,NA,NA,NA,NA,NA,908,NA,NA,NA,NA,NA,NA,NA,NA,NA,NA,NA,NA,NA,NA,NA,NA,NA,NA,NA,NA,NA,NA,NA,NA,NA,16.38,NA,NA,NA,NA,NA,NA,NA,NA,NA,NA,NA,NA,NA,NA,NA,NA,NA,NA,NA,NA,NA,NA,NA,NA,NA,NA,NA,NA,NA,NA,8225,NA,NA,NA,NA,NA,NA,NA,NA,NA,NA,NA,NA,NA,NA,NA,NA,NA,NA,NA,NA,NA,NA,NA,NA,NA,NA,NA,NA,NA,NA,52049,NA,NA,NA,NA,NA,NA,NA,NA,NA,NA,NA,NA,NA,NA,NA,NA,NA,NA,NA,NA,NA,NA,NA,NA,NA,NA,NA,NA,NA,NA,NA,NA,NA,NA,NA,NA,NA,NA,NA,NA,NA,NA,NA,NA,NA,NA,NA,NA,NA,NA,NA,NA,NA,NA,NA,NA,NA,NA,NA,NA,NA,NA,NA,NA,NA,60274
"40","Uttar Pradesh",1962,NA,NA,NA,NA,NA,NA,NA,NA,NA,NA,NA,NA,NA,NA,NA,NA,NA,NA,NA,NA,NA,NA,NA,NA,NA,NA,NA,NA,NA,NA,NA,NA,NA,NA,NA,NA,NA,NA,NA,NA,NA,NA,NA,NA,NA,NA,NA,NA,NA,NA,NA,NA,NA,NA,NA,NA,NA,NA,291,NA,NA,NA,NA,NA,NA,NA,NA,NA,NA,NA,NA,NA,NA,NA,NA,NA,NA,NA,20.87,NA,NA,NA,NA,NA,NA,NA,NA,NA,NA,NA,NA,NA,NA,NA,NA,NA,907,NA,NA,NA,NA,NA,NA,NA,NA,NA,NA,NA,NA,NA,NA,NA,NA,NA,NA,NA,NA,NA,NA,NA,NA,NA,19.54,NA,NA,NA,NA,NA,NA,NA,NA,NA,NA,NA,NA,NA,NA,NA,NA,NA,NA,NA,NA,NA,NA,NA,NA,NA,NA,NA,NA,NA,NA,8984,NA,NA,NA,NA,NA,NA,NA,NA,NA,NA,NA,NA,NA,NA,NA,NA,NA,NA,NA,NA,NA,NA,NA,NA,NA,NA,NA,NA,NA,NA,61160,NA,NA,NA,NA,NA,NA,NA,NA,NA,NA,NA,NA,NA,NA,NA,NA,NA,NA,NA,NA,NA,NA,NA,NA,NA,NA,NA,NA,NA,NA,NA,NA,NA,NA,NA,NA,NA,NA,NA,NA,NA,NA,NA,NA,NA,NA,NA,NA,NA,NA,NA,NA,NA,NA,NA,NA,NA,NA,NA,NA,NA,NA,NA,NA,NA,70144
"41","Uttar Pradesh",1972,NA,NA,NA,NA,NA,NA,NA,NA,NA,NA,NA,NA,NA,NA,NA,NA,NA,NA,NA,NA,NA,NA,NA,NA,NA,NA,NA,NA,NA,NA,NA,NA,NA,NA,NA,NA,NA,NA,NA,NA,NA,NA,NA,NA,NA,NA,NA,NA,NA,NA,NA,NA,NA,NA,NA,NA,NA,NA,348,NA,NA,NA,NA,NA,NA,NA,NA,NA,NA,NA,NA,NA,NA,NA,NA,NA,NA,NA,23.99,NA,NA,NA,NA,NA,NA,NA,NA,NA,NA,NA,NA,NA,NA,NA,NA,NA,876,NA,NA,NA,NA,NA,NA,NA,NA,NA,NA,NA,NA,NA,NA,NA,NA,NA,NA,NA,NA,NA,NA,NA,NA,NA,25.39,NA,NA,NA,NA,NA,NA,NA,NA,NA,NA,NA,NA,NA,NA,NA,NA,NA,NA,NA,NA,NA,NA,NA,NA,NA,NA,NA,NA,NA,NA,11654,NA,NA,NA,NA,NA,NA,NA,NA,NA,NA,NA,NA,NA,NA,NA,NA,NA,NA,NA,NA,NA,NA,NA,NA,NA,NA,NA,NA,NA,NA,72195,NA,NA,NA,NA,NA,NA,NA,NA,NA,NA,NA,NA,NA,NA,NA,NA,NA,NA,NA,NA,NA,NA,NA,NA,NA,NA,NA,NA,NA,NA,NA,NA,NA,NA,NA,NA,NA,NA,NA,NA,NA,NA,NA,NA,NA,NA,NA,NA,NA,NA,NA,NA,NA,NA,NA,NA,NA,NA,NA,NA,NA,NA,NA,NA,NA,83849
"42","Uttar Pradesh",1980,NA,NA,NA,NA,NA,NA,NA,NA,NA,NA,NA,NA,NA,NA,NA,NA,NA,NA,NA,NA,NA,NA,NA,NA,NA,NA,NA,NA,NA,NA,NA,NA,NA,NA,NA,NA,NA,NA,NA,NA,NA,NA,NA,NA,NA,NA,NA,NA,NA,NA,NA,NA,NA,NA,NA,NA,NA,NA,NA,NA,NA,NA,NA,NA,NA,NA,NA,NA,NA,NA,NA,NA,NA,NA,NA,NA,NA,NA,NA,NA,NA,NA,NA,NA,NA,NA,NA,NA,NA,NA,NA,NA,NA,NA,NA,NA,NA,NA,NA,NA,NA,NA,NA,NA,NA,NA,NA,NA,NA,NA,NA,NA,NA,NA,NA,NA,NA,NA,NA,NA,NA,NA,NA,NA,NA,NA,NA,NA,NA,NA,NA,NA,NA,NA,NA,NA,NA,NA,NA,NA,NA,NA,NA,NA,NA,NA,NA,NA,NA,NA,NA,NA,NA,NA,NA,NA,NA,NA,NA,NA,NA,NA,NA,NA,NA,NA,NA,NA,NA,NA,NA,NA,NA,NA,NA,NA,NA,NA,NA,NA,NA,NA,NA,NA,NA,NA,NA,NA,NA,NA,NA,NA,NA,NA,NA,NA,NA,NA,NA,NA,NA,NA,NA,NA,NA,NA,NA,NA,NA,NA,NA,NA,NA,NA,NA,NA,NA,NA,NA,NA,NA,NA,NA,NA,NA,NA,NA,NA,NA,NA,NA,NA,NA,NA,NA,NA,NA,NA,NA,NA,NA,NA,NA,NA,NA,NA,NA,NA,NA,NA,NA
"43","Uttar Pradesh",2017,"4064610","13270699","15294","303379","224999","2189850","1553185","502057","10100678","9049549","49552268","39451590","2439831","1012882","783541","20813332","17335309","7542633",6.9,222.7,211.8,250.2,5.6,3.1,4.1,NA,26.2,4.3,NA,1286,4300,NA,22889,NA,27770,NA,1346,NA,154.3,NA,NA,NA,64893,NA,NA,876,NA,2475,NA,871,NA,1947,NA,3113,NA,2295,NA,2160,NA,NA,NA,1199.2,NA,28192.6,NA,10302.8,NA,1439.7,NA,474.9,NA,20164,NA,2509,NA,2008,NA,9655,NA,NA,5992,NA,140169.2,NA,NA,1050.2,NA,49903.4,NA,2184.4,NA,3909,NA,30056,13754,NA,NA,162.7,NA,14337,NA,21633,NA,16564,NA,26949,NA,36702188,NA,NA,47615834,NA,NA,43462004,NA,NA,55399414,NA,NA,2986821,NA,NA,NA,3861653,NA,NA,3063048,NA,NA,3948780,NA,NA,26845552,NA,NA,NA,NA,30644810,NA,NA,30463986,NA,NA,34645466,NA,NA,9622307,NA,NA,11749569,10354789,NA,NA,NA,12517302,NA,NA,15447730,NA,NA,15980178,NA,NA,17352921,NA,NA,18103770,NA,NA,11697922,NA,NA,16798536,NA,NA,13474757,NA,NA,19152008,NA,NA,88396248,NA,NA,NA,114720927,NA,NA,100700974,NA,NA,129028933,NA,NA,40641,NA,NA,129756,NA,69789,NA,NA,88138,52744,NA,NA,NA,62700,NA,78300,NA,96100,NA,107700,330900,NA,742200,NA,49.6,NA,44.6,NA,16264,NA,NA,NA,NA,NA,65.83,NA,23.6,NA,7147,NA,422412,NA,9077,NA,8483,NA,10757,NA,23662,NA,10570,NA,NA,NA,43,NA,NA
